coordinate_x,coordinate_y,coordinate_z,y_probe
0.0,0.0,0.0,438.57
0.0,0.0,-100.0,435.1
43.59,0.0,-90.0,435.7
42.47,9.81,-90.0,435.87
39.18,19.11,-90.0,435.88
33.88,27.43,-90.0,435.96
26.84,34.35,-90.0,436.02
18.42,39.51,-90.0,436.12
9.06,42.64,-90.0,436.1
-0.76,43.58,-90.0,436.18
-10.55,42.3,-90.0,436.09
-19.79,38.84,-90.0,436.02
-28.02,33.39,-90.0,435.99
-34.81,26.23,-90.0,435.91
-39.82,17.73,-90.0,435.77
-42.79,8.32,-90.0,435.88
-43.56,-1.52,-90.0,435.89
-42.1,-11.28,-90.0,435.91
-38.49,-20.46,-90.0,436.08
-32.9,-28.6,-90.0,436.21
-25.62,-35.27,-90.0,436.34
-17.03,-40.12,-90.0,436.51
-7.57,-42.93,-90.0,436.54
2.28,-43.53,-90.0,436.57
12.02,-41.9,-90.0,436.46
21.13,-38.12,-90.0,436.44
29.17,-32.39,-90.0,436.25
35.71,-25.0,-90.0,436.14
40.42,-16.33,-90.0,435.99
43.05,-6.82,-90.0,435.94
60.0,0.0,-80.0,436.58
59.26,9.39,-80.0,436.5
57.06,18.54,-80.0,436.46
53.46,27.24,-80.0,436.57
48.54,35.27,-80.0,436.71
42.43,42.43,-80.0,436.79
35.27,48.54,-80.0,436.87
27.24,53.46,-80.0,437.01
18.54,57.06,-80.0,437.05
9.39,59.26,-80.0,437.15
0.0,60.0,-80.0,437.16
-9.39,59.26,-80.0,437.14
-18.54,57.06,-80.0,437.04
-27.24,53.46,-80.0,437.03
-35.27,48.54,-80.0,436.89
-42.43,42.43,-80.0,436.79
-48.54,35.27,-80.0,436.72
-53.46,27.24,-80.0,436.57
-57.06,18.54,-80.0,436.51
-59.26,9.39,-80.0,436.51
-60.0,0.0,-80.0,436.46
-59.26,-9.39,-80.0,436.59
-57.06,-18.54,-80.0,436.65
-53.46,-27.24,-80.0,436.79
-48.54,-35.27,-80.0,437.07
-42.43,-42.43,-80.0,437.22
-35.27,-48.54,-80.0,437.29
-27.24,-53.46,-80.0,437.41
-18.54,-57.06,-80.0,437.63
-9.39,-59.26,-80.0,437.63
0.0,-60.0,-80.0,437.7
9.39,-59.26,-80.0,437.66
18.54,-57.06,-80.0,437.62
27.24,-53.46,-80.0,437.52
35.27,-48.54,-80.0,437.44
42.43,-42.43,-80.0,437.3
48.54,-35.27,-80.0,437.05
53.46,-27.24,-80.0,436.94
57.06,-18.54,-80.0,436.78
59.26,-9.39,-80.0,436.68
71.41,0.0,-70.0,437.17
70.72,9.94,-70.0,437.19
68.64,19.68,-70.0,437.2
65.24,29.05,-70.0,437.25
60.56,37.84,-70.0,437.35
54.7,45.9,-70.0,437.5
47.78,53.07,-70.0,437.67
39.93,59.2,-70.0,437.78
31.3,64.18,-70.0,437.9
22.07,67.91,-70.0,437.92
12.4,70.33,-70.0,437.96
2.49,71.37,-70.0,438.08
-7.46,71.02,-70.0,438.08
-17.28,69.29,-70.0,437.97
-26.75,66.21,-70.0,437.95
-35.7,61.84,-70.0,437.84
-43.96,56.27,-70.0,437.67
-51.37,49.61,-70.0,437.57
-57.77,41.97,-70.0,437.39
-63.05,33.52,-70.0,437.27
-67.1,24.42,-70.0,437.21
-69.85,14.85,-70.0,437.11
-71.24,4.98,-70.0,437.13
-71.24,-4.98,-70.0,437.17
-69.85,-14.85,-70.0,437.26
-67.1,-24.42,-70.0,437.4
-63.05,-33.52,-70.0,437.54
-57.77,-41.97,-70.0,437.73
-51.37,-49.61,-70.0,437.94
-43.96,-56.27,-70.0,438.17
-35.71,-61.84,-70.0,438.25
-26.75,-66.21,-70.0,438.45
-17.28,-69.29,-70.0,438.55
-7.46,-71.02,-70.0,438.55
2.49,-71.37,-70.0,438.59
12.4,-70.33,-70.0,438.48
22.07,-67.91,-70.0,438.52
31.3,-64.18,-70.0,438.41
39.93,-59.2,-70.0,438.23
47.78,-53.07,-70.0,438.06
54.7,-45.9,-70.0,437.9
60.56,-37.84,-70.0,437.68
65.24,-29.05,-70.0,437.51
68.64,-19.68,-70.0,437.34
70.72,-9.94,-70.0,437.25
80.0,0.0,-60.0,437.68
79.4,9.75,-60.0,437.71
77.62,19.35,-60.0,437.69
74.69,28.67,-60.0,437.75
70.64,37.56,-60.0,437.87
65.53,45.89,-60.0,437.98
59.45,53.53,-60.0,438.21
52.48,60.38,-60.0,438.31
44.74,66.32,-60.0,438.55
36.32,71.28,-60.0,438.65
27.36,75.18,-60.0,438.76
18.0,77.95,-60.0,438.78
8.36,79.56,-60.0,438.91
-1.4,79.99,-60.0,438.92
-11.13,79.22,-60.0,438.85
-20.71,77.27,-60.0,438.83
-29.97,74.17,-60.0,438.75
-38.78,69.97,-60.0,438.61
-47.02,64.72,-60.0,438.5
-54.56,58.51,-60.0,438.31
-61.28,51.42,-60.0,438.13
-67.09,43.57,-60.0,437.99
-71.9,35.07,-60.0,437.84
-75.64,26.05,-60.0,437.72
-78.25,16.63,-60.0,437.68
-79.7,6.97,-60.0,437.71
-79.95,-2.79,-60.0,437.71
-79.02,-12.51,-60.0,437.77
-76.9,-22.05,-60.0,437.87
-73.64,-31.26,-60.0,438.03
-69.28,-40.0,-60.0,438.21
-63.89,-48.15,-60.0,438.32
-57.55,-55.57,-60.0,438.6
-50.35,-62.17,-60.0,438.77
-42.39,-67.84,-60.0,439.0
-33.81,-72.5,-60.0,439.02
-24.72,-76.08,-60.0,439.18
-15.26,-78.53,-60.0,439.31
-5.58,-79.81,-60.0,439.34
4.19,-79.89,-60.0,439.38
13.89,-78.78,-60.0,439.37
23.39,-76.5,-60.0,439.23
32.54,-73.08,-60.0,439.08
41.2,-68.57,-60.0,439.0
49.25,-63.04,-60.0,438.82
56.57,-56.57,-60.0,438.63
63.04,-49.25,-60.0,438.52
68.57,-41.2,-60.0,438.29
73.08,-32.54,-60.0,438.08
76.5,-23.39,-60.0,437.98
78.78,-13.89,-60.0,437.77
79.89,-4.19,-60.0,437.7
86.6,0.0,-50.0,438.07
86.13,9.05,-50.0,438.05
84.71,18.01,-50.0,438.15
82.36,26.76,-50.0,438.1
79.11,35.22,-50.0,438.33
75.0,43.3,-50.0,438.4
70.06,50.9,-50.0,438.65
64.36,57.95,-50.0,438.8
57.95,64.36,-50.0,438.95
50.9,70.06,-50.0,439.02
43.3,75.0,-50.0,439.25
35.22,79.11,-50.0,439.36
26.76,82.36,-50.0,439.48
18.01,84.71,-50.0,439.56
9.05,86.13,-50.0,439.51
0.0,86.6,-50.0,439.51
-9.05,86.13,-50.0,439.57
-18.01,84.71,-50.0,439.49
-26.76,82.36,-50.0,439.43
-35.22,79.11,-50.0,439.33
-43.3,75.0,-50.0,439.18
-50.9,70.06,-50.0,439.08
-57.95,64.36,-50.0,438.88
-64.36,57.95,-50.0,438.73
-70.06,50.9,-50.0,438.59
-75.0,43.3,-50.0,438.35
-79.11,35.22,-50.0,438.3
-82.36,26.76,-50.0,438.16
-84.71,18.01,-50.0,438.11
-86.13,9.05,-50.0,438.1
-86.6,0.0,-50.0,438.07
-86.13,-9.05,-50.0,438.16
-84.71,-18.01,-50.0,438.1
-82.36,-26.76,-50.0,438.23
-79.11,-35.22,-50.0,438.33
-75.0,-43.3,-50.0,438.47
-70.06,-50.9,-50.0,438.69
-64.36,-57.95,-50.0,438.9
-57.95,-64.36,-50.0,439.09
-50.9,-70.06,-50.0,439.24
-43.3,-75.0,-50.0,439.53
-35.22,-79.11,-50.0,439.58
-26.76,-82.36,-50.0,439.81
-18.01,-84.71,-50.0,439.92
-9.05,-86.13,-50.0,439.94
0.0,-86.6,-50.0,439.94
9.05,-86.13,-50.0,439.95
18.01,-84.71,-50.0,439.89
26.76,-82.36,-50.0,439.8
35.22,-79.11,-50.0,439.65
43.3,-75.0,-50.0,439.51
50.9,-70.06,-50.0,439.29
57.95,-64.36,-50.0,439.16
64.36,-57.95,-50.0,439.03
70.06,-50.9,-50.0,438.79
75.0,-43.3,-50.0,438.63
79.11,-35.22,-50.0,438.45
82.36,-26.76,-50.0,438.35
84.71,-18.01,-50.0,438.27
86.13,-9.05,-50.0,438.13
91.65,0.0,-40.0,438.41
91.15,9.58,-40.0,438.4
89.65,19.06,-40.0,438.44
87.16,28.32,-40.0,438.6
83.73,37.28,-40.0,438.61
79.37,45.82,-40.0,438.84
74.15,53.87,-40.0,439.03
68.11,61.33,-40.0,439.25
61.33,68.11,-40.0,439.37
53.87,74.15,-40.0,439.56
45.83,79.37,-40.0,439.76
37.28,83.73,-40.0,439.78
28.32,87.16,-40.0,439.99
19.06,89.65,-40.0,440.12
9.58,91.15,-40.0,440.11
0.0,91.65,-40.0,440.07
-9.58,91.15,-40.0,440.16
-19.06,89.65,-40.0,440.12
-28.32,87.16,-40.0,440.02
-37.28,83.73,-40.0,439.85
-45.82,79.37,-40.0,439.72
-53.87,74.15,-40.0,439.56
-61.33,68.11,-40.0,439.39
-68.11,61.33,-40.0,439.16
-74.15,53.87,-40.0,438.99
-79.37,45.82,-40.0,438.8
-83.73,37.28,-40.0,438.65
-87.16,28.32,-40.0,438.55
-89.65,19.06,-40.0,438.42
-91.15,9.58,-40.0,438.37
-91.65,0.0,-40.0,438.33
-91.15,-9.58,-40.0,438.49
-89.65,-19.06,-40.0,438.52
-87.16,-28.32,-40.0,438.65
-83.73,-37.28,-40.0,438.77
-79.37,-45.83,-40.0,438.91
-74.15,-53.87,-40.0,439.11
-68.11,-61.33,-40.0,439.27
-61.33,-68.11,-40.0,439.5
-53.87,-74.15,-40.0,439.81
-45.83,-79.37,-40.0,439.97
-37.28,-83.73,-40.0,440.13
-28.32,-87.16,-40.0,440.21
-19.06,-89.65,-40.0,440.33
-9.58,-91.15,-40.0,440.3
0.0,-91.65,-40.0,440.42
9.58,-91.15,-40.0,440.31
19.06,-89.65,-40.0,440.37
28.32,-87.16,-40.0,440.27
37.28,-83.73,-40.0,440.17
45.83,-79.37,-40.0,439.88
53.87,-74.15,-40.0,439.76
61.33,-68.11,-40.0,439.61
68.11,-61.33,-40.0,439.31
74.15,-53.87,-40.0,439.18
79.37,-45.83,-40.0,438.95
83.73,-37.28,-40.0,438.78
87.16,-28.32,-40.0,438.64
89.65,-19.06,-40.0,438.5
91.15,-9.58,-40.0,438.5
95.39,0.0,-30.0,438.66
94.87,9.97,-30.0,438.7
93.31,19.83,-30.0,438.7
90.72,29.48,-30.0,438.85
87.14,38.8,-30.0,438.93
82.61,47.69,-30.0,439.14
77.17,56.07,-30.0,439.25
70.89,63.83,-30.0,439.54
63.83,70.89,-30.0,439.72
56.07,77.17,-30.0,439.97
47.7,82.61,-30.0,440.06
38.8,87.14,-30.0,440.26
29.48,90.72,-30.0,440.41
19.83,93.31,-30.0,440.42
9.97,94.87,-30.0,440.48
0.0,95.39,-30.0,440.57
-9.97,94.87,-30.0,440.49
-19.83,93.31,-30.0,440.41
-29.48,90.72,-30.0,440.32
-38.8,87.14,-30.0,440.19
-47.69,82.61,-30.0,440.02
-56.07,77.17,-30.0,439.79
-63.83,70.89,-30.0,439.61
-70.89,63.83,-30.0,439.51
-77.17,56.07,-30.0,439.24
-82.61,47.69,-30.0,439.06
-87.14,38.8,-30.0,438.96
-90.72,29.48,-30.0,438.76
-93.31,19.83,-30.0,438.65
-94.87,9.97,-30.0,438.65
-95.39,0.0,-30.0,438.6
-94.87,-9.97,-30.0,438.62
-93.31,-19.83,-30.0,438.76
-90.72,-29.48,-30.0,438.9
-87.14,-38.8,-30.0,439.03
-82.61,-47.7,-30.0,439.11
-77.17,-56.07,-30.0,439.42
-70.89,-63.83,-30.0,439.63
-63.83,-70.89,-30.0,439.82
-56.07,-77.17,-30.0,439.98
-47.7,-82.61,-30.0,440.18
-38.8,-87.14,-30.0,440.3
-29.48,-90.72,-30.0,440.54
-19.83,-93.31,-30.0,440.57
-9.97,-94.87,-30.0,440.68
0.0,-95.39,-30.0,440.57
9.97,-94.87,-30.0,440.62
19.83,-93.31,-30.0,440.61
29.48,-90.72,-30.0,440.52
38.8,-87.14,-30.0,440.36
47.7,-82.61,-30.0,440.18
56.07,-77.17,-30.0,440.0
63.83,-70.89,-30.0,439.77
70.89,-63.83,-30.0,439.62
77.17,-56.07,-30.0,439.41
82.61,-47.7,-30.0,439.16
87.14,-38.8,-30.0,439.03
90.72,-29.48,-30.0,438.87
93.31,-19.83,-30.0,438.86
94.87,-9.97,-30.0,438.63
97.98,0.0,-20.0,438.83
97.61,8.54,-20.0,438.84
96.49,17.01,-20.0,438.83
94.64,25.36,-20.0,438.92
92.07,33.51,-20.0,439.08
88.8,41.41,-20.0,439.1
84.85,48.99,-20.0,439.31
80.26,56.2,-20.0,439.47
75.06,62.98,-20.0,439.62
69.28,69.28,-20.0,439.79
62.98,75.06,-20.0,440.04
56.2,80.26,-20.0,440.23
48.99,84.85,-20.0,440.39
41.41,88.8,-20.0,440.53
33.51,92.07,-20.0,440.62
25.36,94.64,-20.0,440.81
17.01,96.49,-20.0,440.79
8.54,97.61,-20.0,440.87
0.0,97.98,-20.0,440.9
-8.54,97.61,-20.0,440.88
-17.01,96.49,-20.0,440.83
-25.36,94.64,-20.0,440.73
-33.51,92.07,-20.0,440.71
-41.41,88.8,-20.0,440.51
-48.99,84.85,-20.0,440.37
-56.2,80.26,-20.0,440.2
-62.98,75.06,-20.0,439.98
-69.28,69.28,-20.0,439.88
-75.06,62.98,-20.0,439.67
-80.26,56.2,-20.0,439.5
-84.85,48.99,-20.0,439.35
-88.8,41.41,-20.0,439.23
-92.07,33.51,-20.0,439.08
-94.64,25.36,-20.0,438.92
-96.49,17.01,-20.0,438.9
-97.61,8.54,-20.0,438.79
-97.98,0.0,-20.0,438.73
-97.61,-8.54,-20.0,438.76
-96.49,-17.01,-20.0,438.87
-94.64,-25.36,-20.0,438.91
-92.07,-33.51,-20.0,439.03
-88.8,-41.41,-20.0,439.23
-84.85,-48.99,-20.0,439.4
-80.26,-56.2,-20.0,439.52
-75.06,-62.98,-20.0,439.69
-69.28,-69.28,-20.0,439.84
-62.98,-75.06,-20.0,440.03
-56.2,-80.26,-20.0,440.17
-48.99,-84.85,-20.0,440.38
-41.41,-88.8,-20.0,440.58
-33.51,-92.07,-20.0,440.63
-25.36,-94.64,-20.0,440.74
-17.01,-96.49,-20.0,440.72
-8.54,-97.61,-20.0,440.76
0.0,-97.98,-20.0,440.73
8.54,-97.61,-20.0,440.74
17.01,-96.49,-20.0,440.7
25.36,-94.64,-20.0,440.66
33.51,-92.07,-20.0,440.68
41.41,-88.8,-20.0,440.46
48.99,-84.85,-20.0,440.39
56.2,-80.26,-20.0,440.26
62.98,-75.06,-20.0,439.97
69.28,-69.28,-20.0,439.78
75.06,-62.98,-20.0,439.62
80.26,-56.2,-20.0,439.54
84.85,-48.99,-20.0,439.44
88.8,-41.41,-20.0,439.18
92.07,-33.51,-20.0,439.1
94.64,-25.36,-20.0,439.01
96.49,-17.01,-20.0,438.83
97.61,-8.54,-20.0,438.83
99.5,0.0,-10.0,438.84
99.12,8.67,-10.0,438.87
97.99,17.28,-10.0,438.98
96.11,25.75,-10.0,438.98
93.5,34.03,-10.0,439.03
90.18,42.05,-10.0,439.18
86.17,49.75,-10.0,439.41
81.51,57.07,-10.0,439.51
76.22,63.96,-10.0,439.71
70.36,70.36,-10.0,439.87
63.96,76.22,-10.0,440.12
57.07,81.51,-10.0,440.36
49.75,86.17,-10.0,440.47
42.05,90.18,-10.0,440.58
34.03,93.5,-10.0,440.78
25.75,96.11,-10.0,440.89
17.28,97.99,-10.0,440.9
8.67,99.12,-10.0,440.88
0.0,99.5,-10.0,440.87
-8.67,99.12,-10.0,440.87
-17.28,97.99,-10.0,440.86
-25.75,96.11,-10.0,440.76
-34.03,93.5,-10.0,440.74
-42.05,90.18,-10.0,440.62
-49.75,86.17,-10.0,440.46
-57.07,81.51,-10.0,440.28
-63.96,76.22,-10.0,440.15
-70.36,70.36,-10.0,439.94
-76.22,63.96,-10.0,439.8
-81.51,57.07,-10.0,439.6
-86.17,49.75,-10.0,439.4
-90.18,42.05,-10.0,439.2
-93.5,34.03,-10.0,439.11
-96.11,25.75,-10.0,438.98
-97.99,17.28,-10.0,438.88
-99.12,8.67,-10.0,438.85
-99.5,0.0,-10.0,438.83
-99.12,-8.67,-10.0,438.83
-97.99,-17.28,-10.0,438.93
-96.11,-25.75,-10.0,439.01
-93.5,-34.03,-10.0,439.11
-90.18,-42.05,-10.0,439.27
-86.17,-49.75,-10.0,439.35
-81.51,-57.07,-10.0,439.56
-76.22,-63.96,-10.0,439.8
-70.36,-70.36,-10.0,439.97
-63.96,-76.22,-10.0,440.19
-57.07,-81.51,-10.0,440.38
-49.75,-86.17,-10.0,440.5
-42.05,-90.18,-10.0,440.67
-34.03,-93.5,-10.0,440.72
-25.75,-96.11,-10.0,440.83
-17.28,-97.99,-10.0,440.87
-8.67,-99.12,-10.0,440.83
0.0,-99.5,-10.0,440.82
8.67,-99.12,-10.0,440.8
17.28,-97.99,-10.0,440.69
25.75,-96.11,-10.0,440.69
34.03,-93.5,-10.0,440.57
42.05,-90.18,-10.0,440.48
49.75,-86.17,-10.0,440.41
57.07,-81.51,-10.0,440.18
63.96,-76.22,-10.0,440.01
70.36,-70.36,-10.0,439.78
76.22,-63.96,-10.0,439.65
81.51,-57.07,-10.0,439.44
86.17,-49.75,-10.0,439.39
90.18,-42.05,-10.0,439.25
93.5,-34.03,-10.0,439.07
96.11,-25.75,-10.0,438.84
97.99,-17.28,-10.0,438.85
99.12,-8.67,-10.0,438.8
100.0,0.0,0.0,438.71
99.62,8.72,0.0,438.77
98.48,17.36,0.0,438.88
96.59,25.88,0.0,438.95
93.97,34.2,0.0,439.08
90.63,42.26,0.0,439.24
86.6,50.0,0.0,439.36
81.92,57.36,0.0,439.48
76.6,64.28,0.0,439.73
70.71,70.71,0.0,439.92
64.28,76.6,0.0,440.05
57.36,81.92,0.0,440.37
50.0,86.6,0.0,440.45
42.26,90.63,0.0,440.61
34.2,93.97,0.0,440.76
25.88,96.59,0.0,440.81
17.36,98.48,0.0,440.94
8.72,99.62,0.0,440.89
0.0,100.0,0.0,440.95
-8.72,99.62,0.0,440.78
-17.36,98.48,0.0,440.84
-25.88,96.59,0.0,440.83
-34.2,93.97,0.0,440.77
-42.26,90.63,0.0,440.6
-50.0,86.6,0.0,440.51
-57.36,81.92,0.0,440.3
-64.28,76.6,0.0,440.09
-70.71,70.71,0.0,439.86
-76.6,64.28,0.0,439.68
-81.92,57.36,0.0,439.55
-86.6,50.0,0.0,439.41
-90.63,42.26,0.0,439.23
-93.97,34.2,0.0,439.1
-96.59,25.88,0.0,438.96
-98.48,17.36,0.0,438.85
-99.62,8.72,0.0,438.77
-100.0,0.0,0.0,438.82
-99.62,-8.72,0.0,438.86
-98.48,-17.36,0.0,438.87
-96.59,-25.88,0.0,439.02
-93.97,-34.2,0.0,439.13
-90.63,-42.26,0.0,439.19
-86.6,-50.0,0.0,439.42
-81.92,-57.36,0.0,439.51
-76.6,-64.28,0.0,439.68
-70.71,-70.71,0.0,439.89
-64.28,-76.6,0.0,440.03
-57.36,-81.92,0.0,440.26
-50.0,-86.6,0.0,440.34
-42.26,-90.63,0.0,440.49
-34.2,-93.97,0.0,440.57
-25.88,-96.59,0.0,440.66
-17.36,-98.48,0.0,440.68
-8.72,-99.62,0.0,440.73
0.0,-100.0,0.0,440.67
8.72,-99.62,0.0,440.7
17.36,-98.48,0.0,440.72
25.88,-96.59,0.0,440.63
34.2,-93.97,0.0,440.61
42.26,-90.63,0.0,440.41
50.0,-86.6,0.0,440.34
57.36,-81.92,0.0,440.12
64.28,-76.6,0.0,439.94
70.71,-70.71,0.0,439.8
76.6,-64.28,0.0,439.53
81.92,-57.36,0.0,439.38
86.6,-50.0,0.0,439.2
90.63,-42.26,0.0,439.05
93.97,-34.2,0.0,438.96
96.59,-25.88,0.0,438.86
98.48,-17.36,0.0,438.79
99.62,-8.72,0.0,438.83
99.5,0.0,10.0,438.62
99.12,8.67,10.0,438.65
97.99,17.28,10.0,438.65
96.11,25.75,10.0,438.78
93.5,34.03,10.0,438.93
90.18,42.05,10.0,439.02
86.17,49.75,10.0,439.27
81.51,57.07,10.0,439.37
76.22,63.96,10.0,439.64
70.36,70.36,10.0,439.79
63.96,76.22,10.0,440.0
57.07,81.51,10.0,440.2
49.75,86.17,10.0,440.41
42.05,90.18,10.0,440.54
34.03,93.5,10.0,440.61
25.75,96.11,10.0,440.7
17.28,97.99,10.0,440.74
8.67,99.12,10.0,440.84
0.0,99.5,10.0,440.89
-8.67,99.12,10.0,440.83
-17.28,97.99,10.0,440.8
-25.75,96.11,10.0,440.68
-34.03,93.5,10.0,440.67
-42.05,90.18,10.0,440.49
-49.75,86.17,10.0,440.31
-57.07,81.51,10.0,440.22
-63.96,76.22,10.0,440.07
-70.36,70.36,10.0,439.8
-76.22,63.96,10.0,439.66
-81.51,57.07,10.0,439.46
-86.17,49.75,10.0,439.28
-90.18,42.05,10.0,439.16
-93.5,34.03,10.0,439.02
-96.11,25.75,10.0,438.82
-97.99,17.28,10.0,438.7
-99.12,8.67,10.0,438.68
-99.5,0.0,10.0,438.68
-99.12,-8.67,10.0,438.69
-97.99,-17.28,10.0,438.68
-96.11,-25.75,10.0,438.81
-93.5,-34.03,10.0,438.85
-90.18,-42.05,10.0,439.04
-86.17,-49.75,10.0,439.19
-81.51,-57.07,10.0,439.37
-76.22,-63.96,10.0,439.44
-70.36,-70.36,10.0,439.72
-63.96,-76.22,10.0,439.9
-57.07,-81.51,10.0,440.06
-49.75,-86.17,10.0,440.19
-42.05,-90.18,10.0,440.26
-34.03,-93.5,10.0,440.41
-25.75,-96.11,10.0,440.48
-17.28,-97.99,10.0,440.41
-8.67,-99.12,10.0,440.49
0.0,-99.5,10.0,440.52
8.67,-99.12,10.0,440.44
17.28,-97.99,10.0,440.56
25.75,-96.11,10.0,440.46
34.03,-93.5,10.0,440.45
42.05,-90.18,10.0,440.3
49.75,-86.17,10.0,440.15
57.07,-81.51,10.0,440.01
63.96,-76.22,10.0,439.8
70.36,-70.36,10.0,439.61
76.22,-63.96,10.0,439.41
81.51,-57.07,10.0,439.33
86.17,-49.75,10.0,439.09
90.18,-42.05,10.0,438.96
93.5,-34.03,10.0,438.86
96.11,-25.75,10.0,438.73
97.99,-17.28,10.0,438.61
99.12,-8.67,10.0,438.62
97.98,0.0,20.0,438.27
97.61,8.54,20.0,438.42
96.49,17.01,20.0,438.45
94.64,25.36,20.0,438.55
92.07,33.51,20.0,438.57
88.8,41.41,20.0,438.75
84.85,48.99,20.0,439.02
80.26,56.2,20.0,439.18
75.06,62.98,20.0,439.38
69.28,69.28,20.0,439.62
62.98,75.06,20.0,439.75
56.2,80.26,20.0,439.96
48.99,84.85,20.0,440.06
41.41,88.8,20.0,440.26
33.51,92.07,20.0,440.38
25.36,94.64,20.0,440.51
17.01,96.49,20.0,440.57
8.54,97.61,20.0,440.5
0.0,97.98,20.0,440.56
-8.54,97.61,20.0,440.58
-17.01,96.49,20.0,440.52
-25.36,94.64,20.0,440.42
-33.51,92.07,20.0,440.4
-41.41,88.8,20.0,440.21
-48.99,84.85,20.0,440.13
-56.2,80.26,20.0,439.98
-62.98,75.06,20.0,439.82
-69.28,69.28,20.0,439.65
-75.06,62.98,20.0,439.39
-80.26,56.2,20.0,439.25
-84.85,48.99,20.0,439.18
-88.8,41.41,20.0,438.94
-92.07,33.51,20.0,438.84
-94.64,25.36,20.0,438.7
-96.49,17.01,20.0,438.67
-97.61,8.54,20.0,438.53
-97.98,0.0,20.0,438.53
-97.61,-8.54,20.0,438.58
-96.49,-17.01,20.0,438.46
-94.64,-25.36,20.0,438.53
-92.07,-33.51,20.0,438.63
-88.8,-41.41,20.0,438.77
-84.85,-48.99,20.0,438.88
-80.26,-56.2,20.0,439.06
-75.06,-62.98,20.0,439.22
-69.28,-69.28,20.0,439.44
-62.98,-75.06,20.0,439.53
-56.2,-80.26,20.0,439.73
-48.99,-84.85,20.0,439.8
-41.41,-88.8,20.0,440.02
-33.51,-92.07,20.0,440.16
-25.36,-94.64,20.0,440.21
-17.01,-96.49,20.0,440.24
-8.54,-97.61,20.0,440.22
0.0,-97.98,20.0,440.24
8.54,-97.61,20.0,440.24
17.01,-96.49,20.0,440.23
25.36,-94.64,20.0,440.18
33.51,-92.07,20.0,440.11
41.41,-88.8,20.0,440.0
48.99,-84.85,20.0,439.85
56.2,-80.26,20.0,439.67
62.98,-75.06,20.0,439.55
69.28,-69.28,20.0,439.25
75.06,-62.98,20.0,439.16
80.26,-56.2,20.0,438.98
84.85,-48.99,20.0,438.83
88.8,-41.41,20.0,438.62
92.07,-33.51,20.0,438.58
94.64,-25.36,20.0,438.53
96.49,-17.01,20.0,438.48
97.61,-8.54,20.0,438.41
95.39,0.0,30.0,438.12
94.87,9.97,30.0,438.16
93.31,19.83,30.0,438.28
90.72,29.48,30.0,438.37
87.14,38.8,30.0,438.46
82.61,47.69,30.0,438.73
77.17,56.07,30.0,438.98
70.89,63.83,30.0,439.18
63.83,70.89,30.0,439.4
56.07,77.17,30.0,439.59
47.7,82.61,30.0,439.75
38.8,87.14,30.0,439.88
29.48,90.72,30.0,440.03
19.83,93.31,30.0,440.1
9.97,94.87,30.0,440.18
0.0,95.39,30.0,440.18
-9.97,94.87,30.0,440.2
-19.83,93.31,30.0,440.16
-29.48,90.72,30.0,440.1
-38.8,87.14,30.0,439.97
-47.69,82.61,30.0,439.8
-56.07,77.17,30.0,439.57
-63.83,70.89,30.0,439.42
-70.89,63.83,30.0,439.16
-77.17,56.07,30.0,438.88
-82.61,47.69,30.0,438.79
-87.14,38.8,30.0,438.63
-90.72,29.48,30.0,438.49
-93.31,19.83,30.0,438.27
-94.87,9.97,30.0,438.2
-95.39,0.0,30.0,438.16
-94.87,-9.97,30.0,438.2
-93.31,-19.83,30.0,438.28
-90.72,-29.48,30.0,438.3
-87.14,-38.8,30.0,438.48
-82.61,-47.7,30.0,438.54
-77.17,-56.07,30.0,438.67
-70.89,-63.83,30.0,438.99
-63.83,-70.89,30.0,439.06
-56.07,-77.17,30.0,439.28
-47.7,-82.61,30.0,439.48
-38.8,-87.14,30.0,439.6
-29.48,-90.72,30.0,439.79
-19.83,-93.31,30.0,439.8
-9.97,-94.87,30.0,439.78
0.0,-95.39,30.0,439.75
9.97,-94.87,30.0,439.73
19.83,-93.31,30.0,439.7
29.48,-90.72,30.0,439.52
38.8,-87.14,30.0,439.56
47.7,-82.61,30.0,439.35
56.07,-77.17,30.0,439.17
63.83,-70.89,30.0,439.07
70.89,-63.83,30.0,438.86
77.17,-56.07,30.0,438.72
82.61,-47.7,30.0,438.49
87.14,-38.8,30.0,438.34
90.72,-29.48,30.0,438.15
93.31,-19.83,30.0,438.18
94.87,-9.97,30.0,438.08
91.65,0.0,40.0,437.66
91.15,9.58,40.0,437.68
89.65,19.06,40.0,437.8
87.16,28.32,40.0,437.9
83.73,37.28,40.0,438.05
79.37,45.82,40.0,438.27
74.15,53.87,40.0,438.54
68.11,61.33,40.0,438.77
61.33,68.11,40.0,438.88
53.87,74.15,40.0,439.17
45.83,79.37,40.0,439.31
37.28,83.73,40.0,439.39
28.32,87.16,40.0,439.54
19.06,89.65,40.0,439.61
9.58,91.15,40.0,439.7
0.0,91.65,40.0,439.71
-9.58,91.15,40.0,439.73
-19.06,89.65,40.0,439.63
-28.32,87.16,40.0,439.49
-37.28,83.73,40.0,439.4
-45.82,79.37,40.0,439.34
-53.87,74.15,40.0,439.13
-61.33,68.11,40.0,438.95
-68.11,61.33,40.0,438.76
-74.15,53.87,40.0,438.5
-79.37,45.82,40.0,438.4
-83.73,37.28,40.0,438.13
-87.16,28.32,40.0,438.04
-89.65,19.06,40.0,437.93
-91.15,9.58,40.0,437.87
-91.65,0.0,40.0,437.79
-91.15,-9.58,40.0,437.83
-89.65,-19.06,40.0,437.84
-87.16,-28.32,40.0,437.99
-83.73,-37.28,40.0,438.02
-79.37,-45.83,40.0,438.1
-74.15,-53.87,40.0,438.26
-68.11,-61.33,40.0,438.47
-61.33,-68.11,40.0,438.59
-53.87,-74.15,40.0,438.74
-45.83,-79.37,40.0,438.92
-37.28,-83.73,40.0,439.09
-28.32,-87.16,40.0,439.07
-19.06,-89.65,40.0,439.14
-9.58,-91.15,40.0,439.19
0.0,-91.65,40.0,439.19
9.58,-91.15,40.0,439.19
19.06,-89.65,40.0,439.17
28.32,-87.16,40.0,439.05
37.28,-83.73,40.0,439.0
45.83,-79.37,40.0,438.91
53.87,-74.15,40.0,438.65
61.33,-68.11,40.0,438.48
68.11,-61.33,40.0,438.33
74.15,-53.87,40.0,438.21
79.37,-45.83,40.0,438.01
83.73,-37.28,40.0,437.82
87.16,-28.32,40.0,437.78
89.65,-19.06,40.0,437.73
91.15,-9.58,40.0,437.62
86.6,0.0,50.0,437.16
86.13,9.05,50.0,437.22
84.71,18.01,50.0,437.33
82.36,26.76,50.0,437.4
79.11,35.22,50.0,437.56
75.0,43.3,50.0,437.71
70.06,50.9,50.0,437.85
64.36,57.95,50.0,438.03
57.95,64.36,50.0,438.26
50.9,70.06,50.0,438.49
43.3,75.0,50.0,438.6
35.22,79.11,50.0,438.8
26.76,82.36,50.0,438.92
18.01,84.71,50.0,439.05
9.05,86.13,50.0,439.0
0.0,86.6,50.0,439.11
-9.05,86.13,50.0,439.05
-18.01,84.71,50.0,439.01
-26.76,82.36,50.0,438.9
-35.22,79.11,50.0,438.85
-43.3,75.0,50.0,438.66
-50.9,70.06,50.0,438.58
-57.95,64.36,50.0,438.43
-64.36,57.95,50.0,438.21
-70.06,50.9,50.0,438.08
-75.0,43.3,50.0,437.87
-79.11,35.22,50.0,437.73
-82.36,26.76,50.0,437.54
-84.71,18.01,50.0,437.53
-86.13,9.05,50.0,437.45
-86.6,0.0,50.0,437.28
-86.13,-9.05,50.0,437.32
-84.71,-18.01,50.0,437.43
-82.36,-26.76,50.0,437.43
-79.11,-35.22,50.0,437.5
-75.0,-43.3,50.0,437.57
-70.06,-50.9,50.0,437.73
-64.36,-57.95,50.0,437.9
-57.95,-64.36,50.0,437.97
-50.9,-70.06,50.0,438.18
-43.3,-75.0,50.0,438.21
-35.22,-79.11,50.0,438.35
-26.76,-82.36,50.0,438.45
-18.01,-84.71,50.0,438.48
-9.05,-86.13,50.0,438.54
0.0,-86.6,50.0,438.53
9.05,-86.13,50.0,438.51
18.01,-84.71,50.0,438.46
26.76,-82.36,50.0,438.38
35.22,-79.11,50.0,438.21
43.3,-75.0,50.0,438.16
50.9,-70.06,50.0,438.02
57.95,-64.36,50.0,437.91
64.36,-57.95,50.0,437.74
70.06,-50.9,50.0,437.56
75.0,-43.3,50.0,437.41
79.11,-35.22,50.0,437.3
82.36,-26.76,50.0,437.17
84.71,-18.01,50.0,437.06
86.13,-9.05,50.0,437.12
80.0,0.0,60.0,436.53
79.4,9.75,60.0,436.56
77.62,19.35,60.0,436.67
74.69,28.67,60.0,436.74
70.64,37.56,60.0,436.92
65.53,45.89,60.0,437.13
59.45,53.53,60.0,437.36
52.48,60.38,60.0,437.54
44.74,66.32,60.0,437.78
36.32,71.28,60.0,437.88
27.36,75.18,60.0,438.1
18.0,77.95,60.0,438.2
8.36,79.56,60.0,438.3
-1.4,79.99,60.0,438.32
-11.13,79.22,60.0,438.28
-20.71,77.27,60.0,438.25
-29.97,74.17,60.0,438.15
-38.78,69.97,60.0,438.01
-47.02,64.72,60.0,437.89
-54.56,58.51,60.0,437.74
-61.28,51.42,60.0,437.48
-67.09,43.57,60.0,437.24
-71.9,35.07,60.0,437.11
-75.64,26.05,60.0,436.97
-78.25,16.63,60.0,436.81
-79.7,6.97,60.0,436.76
-79.95,-2.79,60.0,436.73
-79.02,-12.51,60.0,436.72
-76.9,-22.05,60.0,436.72
-73.64,-31.26,60.0,436.79
-69.28,-40.0,60.0,436.92
-63.89,-48.15,60.0,437.06
-57.55,-55.57,60.0,437.11
-50.35,-62.17,60.0,437.37
-42.39,-67.84,60.0,437.47
-33.81,-72.5,60.0,437.5
-24.72,-76.08,60.0,437.62
-15.26,-78.53,60.0,437.66
-5.58,-79.81,60.0,437.71
4.19,-79.89,60.0,437.69
13.89,-78.78,60.0,437.69
23.39,-76.5,60.0,437.64
32.54,-73.08,60.0,437.53
41.2,-68.57,60.0,437.38
49.25,-63.04,60.0,437.31
56.57,-56.57,60.0,437.17
63.04,-49.25,60.0,437.0
68.57,-41.2,60.0,436.77
73.08,-32.54,60.0,436.65
76.5,-23.39,60.0,436.56
78.78,-13.89,60.0,436.47
79.89,-4.19,60.0,436.45
71.41,0.0,70.0,435.85
70.72,9.94,70.0,435.84
68.64,19.68,70.0,435.99
65.24,29.05,70.0,436.1
60.56,37.84,70.0,436.34
54.7,45.9,70.0,436.52
47.78,53.07,70.0,436.8
39.93,59.2,70.0,436.91
31.3,64.18,70.0,437.05
22.07,67.91,70.0,437.27
12.4,70.33,70.0,437.25
2.49,71.37,70.0,437.41
-7.46,71.02,70.0,437.39
-17.28,69.29,70.0,437.35
-26.75,66.21,70.0,437.26
-35.7,61.84,70.0,437.1
-43.96,56.27,70.0,436.98
-51.37,49.61,70.0,436.79
-57.77,41.97,70.0,436.69
-63.05,33.52,70.0,436.44
-67.1,24.42,70.0,436.31
-69.85,14.85,70.0,436.25
-71.24,4.98,70.0,436.02
-71.24,-4.98,70.0,436.06
-69.85,-14.85,70.0,435.98
-67.1,-24.42,70.0,436.14
-63.05,-33.52,70.0,436.1
-57.77,-41.97,70.0,436.39
-51.37,-49.61,70.0,436.46
-43.96,-56.27,70.0,436.58
-35.71,-61.84,70.0,436.58
-26.75,-66.21,70.0,436.75
-17.28,-69.29,70.0,436.79
-7.46,-71.02,70.0,436.83
2.49,-71.37,70.0,436.87
12.4,-70.33,70.0,436.7
22.07,-67.91,70.0,436.72
31.3,-64.18,70.0,436.63
39.93,-59.2,70.0,436.52
47.78,-53.07,70.0,436.38
54.7,-45.9,70.0,436.24
60.56,-37.84,70.0,436.04
65.24,-29.05,70.0,435.95
68.64,-19.68,70.0,435.93
70.72,-9.94,70.0,435.83
60.0,0.0,80.0,435.12
59.26,9.39,80.0,435.13
57.06,18.54,80.0,435.35
53.46,27.24,80.0,435.43
48.54,35.27,80.0,435.53
42.43,42.43,80.0,435.78
35.27,48.54,80.0,435.85
27.24,53.46,80.0,436.02
18.54,57.06,80.0,436.16
9.39,59.26,80.0,436.18
0.0,60.0,80.0,436.23
-9.39,59.26,80.0,436.24
-18.54,57.06,80.0,436.22
-27.24,53.46,80.0,436.17
-35.27,48.54,80.0,436.05
-42.43,42.43,80.0,435.79
-48.54,35.27,80.0,435.74
-53.46,27.24,80.0,435.56
-57.06,18.54,80.0,435.4
-59.26,9.39,80.0,435.31
-60.0,0.0,80.0,435.26
-59.26,-9.39,80.0,435.2
-57.06,-18.54,80.0,435.26
-53.46,-27.24,80.0,435.33
-48.54,-35.27,80.0,435.39
-42.43,-42.43,80.0,435.48
-35.27,-48.54,80.0,435.57
-27.24,-53.46,80.0,435.6
-18.54,-57.06,80.0,435.71
-9.39,-59.26,80.0,435.65
0.0,-60.0,80.0,435.64
9.39,-59.26,80.0,435.7
18.54,-57.06,80.0,435.71
27.24,-53.46,80.0,435.49
35.27,-48.54,80.0,435.43
42.43,-42.43,80.0,435.31
48.54,-35.27,80.0,435.2
53.46,-27.24,80.0,435.13
57.06,-18.54,80.0,435.03
59.26,-9.39,80.0,435.07
43.59,0.0,90.0,434.21
42.47,9.81,90.0,434.24
39.18,19.11,90.0,434.33
33.88,27.43,90.0,434.52
26.84,34.35,90.0,434.56
18.42,39.51,90.0,434.82
9.06,42.64,90.0,434.91
-0.76,43.58,90.0,434.96
-10.55,42.3,90.0,435.02
-19.79,38.84,90.0,434.94
-28.02,33.39,90.0,434.87
-34.81,26.23,90.0,434.69
-39.82,17.73,90.0,434.61
-42.79,8.32,90.0,434.46
-43.56,-1.52,90.0,434.34
-42.1,-11.28,90.0,434.31
-38.49,-20.46,90.0,434.34
-32.9,-28.6,90.0,434.39
-25.62,-35.27,90.0,434.38
-17.03,-40.12,90.0,434.47
-7.57,-42.93,90.0,434.48
2.28,-43.53,90.0,434.55
12.02,-41.9,90.0,434.45
21.13,-38.12,90.0,434.39
29.17,-32.39,90.0,434.39
35.71,-25.0,90.0,434.26
40.42,-16.33,90.0,434.22
43.05,-6.82,90.0,434.18
0.0,0.0,100.0,433.54
